{
  "a084932a7aa755e1ebacbcb988810fec" : {
    "statistic" : {
      "failed" : 0,
      "broken" : 0,
      "skipped" : 0,
      "passed" : 1,
      "unknown" : 0,
      "total" : 1
    },
    "items" : [ {
      "uid" : "e7bb680bf1f27ca3",
      "status" : "passed",
      "time" : {
        "start" : 1719042801574,
        "stop" : 1719042801577,
        "duration" : 3
      }
    } ]
  },
  "4608fbb8530fccaba834125be5f57581" : {
    "statistic" : {
      "failed" : 0,
      "broken" : 0,
      "skipped" : 0,
      "passed" : 1,
      "unknown" : 0,
      "total" : 1
    },
    "items" : [ {
      "uid" : "19453d73a6397fce",
      "status" : "passed",
      "time" : {
        "start" : 1719040885376,
        "stop" : 1719040885383,
        "duration" : 7
      }
    } ]
  },
  "2ecb57834d1da5dafcb6e728cdf4f9e4" : {
    "statistic" : {
      "failed" : 0,
      "broken" : 0,
      "skipped" : 0,
      "passed" : 1,
      "unknown" : 0,
      "total" : 1
    },
    "items" : [ {
      "uid" : "874f33ada87df282",
      "status" : "passed",
      "time" : {
        "start" : 1719043747127,
        "stop" : 1719043748096,
        "duration" : 969
      }
    } ]
  },
  "824cae974b7e9b6588578218d1125d5f" : {
    "statistic" : {
      "failed" : 0,
      "broken" : 0,
      "skipped" : 0,
      "passed" : 1,
      "unknown" : 0,
      "total" : 1
    },
    "items" : [ {
      "uid" : "fb22b8a7ad9f2eba",
      "status" : "passed",
      "time" : {
        "start" : 1719040885461,
        "stop" : 1719040885464,
        "duration" : 3
      }
    } ]
  },
  "f01b63c8a372e176a2f23a54913bdc75" : {
    "statistic" : {
      "failed" : 0,
      "broken" : 0,
      "skipped" : 0,
      "passed" : 1,
      "unknown" : 0,
      "total" : 1
    },
    "items" : [ {
      "uid" : "5e8599a74b33a106",
      "status" : "passed",
      "time" : {
        "start" : 1719042801447,
        "stop" : 1719042801482,
        "duration" : 35
      }
    } ]
  },
  "9841c0eeb85754427043dc474d90183f" : {
    "statistic" : {
      "failed" : 1,
      "broken" : 0,
      "skipped" : 0,
      "passed" : 0,
      "unknown" : 0,
      "total" : 1
    },
    "items" : [ {
      "uid" : "d7e80e7d64979bbc",
      "status" : "failed",
      "statusDetails" : "Expected java.lang.RuntimeException to be thrown, but nothing was thrown.",
      "time" : {
        "start" : 1719042801527,
        "stop" : 1719042801533,
        "duration" : 6
      }
    } ]
  },
  "57c26e31f5485e8b6c18c5cd3a8cb00a" : {
    "statistic" : {
      "failed" : 1,
      "broken" : 0,
      "skipped" : 0,
      "passed" : 0,
      "unknown" : 0,
      "total" : 1
    },
    "items" : [ {
      "uid" : "6374414c4e62d8b3",
      "status" : "failed",
      "statusDetails" : "Expected java.lang.RuntimeException to be thrown, but nothing was thrown.",
      "time" : {
        "start" : 1719042801557,
        "stop" : 1719042801562,
        "duration" : 5
      }
    } ]
  },
  "3c8daec477d3f8c80e7de75cfea9fd2a" : {
    "statistic" : {
      "failed" : 0,
      "broken" : 0,
      "skipped" : 0,
      "passed" : 1,
      "unknown" : 0,
      "total" : 1
    },
    "items" : [ {
      "uid" : "3a399a12982df48b",
      "status" : "passed",
      "time" : {
        "start" : 1719042801580,
        "stop" : 1719042801585,
        "duration" : 5
      }
    } ]
  },
  "fc0c1037c126981d1fb3350532b42e73" : {
    "statistic" : {
      "failed" : 1,
      "broken" : 0,
      "skipped" : 0,
      "passed" : 0,
      "unknown" : 0,
      "total" : 1
    },
    "items" : [ {
      "uid" : "8a611488fd978df4",
      "status" : "failed",
      "statusDetails" : "expected: <200> but was: <<408 REQUEST_TIMEOUT Request Timeout,Response(isSuccess=false, response=null, message=The user-service connection has failedCannot invoke \"edu.tongji.backend.dto.UserDTO.getUserId()\" because \"user\" is null),[]>>",
      "time" : {
        "start" : 1719055360908,
        "stop" : 1719055361342,
        "duration" : 434
      }
    } ]
  },
  "5c37e71880455883ea5fdc5839d8f1cf" : {
    "statistic" : {
      "failed" : 0,
      "broken" : 1,
      "skipped" : 0,
      "passed" : 0,
      "unknown" : 0,
      "total" : 1
    },
    "items" : [ {
      "uid" : "44987e254bff1e44",
      "status" : "broken",
      "statusDetails" : "\nUnnecessary stubbings detected.\nClean & maintainable test code requires zero unnecessary code.\nFollowing stubbings are unnecessary (click to navigate to relevant line of code):\n  1. -> at edu.tongji.backend.controller.AdminControllerTest.updateAdminInfo_validNameAndContact_success(AdminControllerTest.java:54)\nPlease remove unnecessary stubbings or use 'lenient' strictness. More info: javadoc for UnnecessaryStubbingException class.",
      "time" : {
        "start" : 1719045509082,
        "stop" : 1719045509455,
        "duration" : 373
      }
    } ]
  },
  "b782c564c7db37d6f1795cf8a59b84e7" : {
    "statistic" : {
      "failed" : 0,
      "broken" : 0,
      "skipped" : 0,
      "passed" : 1,
      "unknown" : 0,
      "total" : 1
    },
    "items" : [ {
      "uid" : "4f085111bc5f1802",
      "status" : "passed",
      "time" : {
        "start" : 1719042801566,
        "stop" : 1719042801570,
        "duration" : 4
      }
    } ]
  },
  "4ca5c7aa5e347f4c86e1b78eb7b1faa1" : {
    "statistic" : {
      "failed" : 0,
      "broken" : 0,
      "skipped" : 0,
      "passed" : 1,
      "unknown" : 0,
      "total" : 1
    },
    "items" : [ {
      "uid" : "a0b33e47995ffa4b",
      "status" : "passed",
      "time" : {
        "start" : 1719040885421,
        "stop" : 1719040885440,
        "duration" : 19
      }
    } ]
  },
  "19e040f1944e27c0b3e3707f228d1384" : {
    "statistic" : {
      "failed" : 0,
      "broken" : 0,
      "skipped" : 0,
      "passed" : 1,
      "unknown" : 0,
      "total" : 1
    },
    "items" : [ {
      "uid" : "ad374af8f95056a6",
      "status" : "passed",
      "time" : {
        "start" : 1719042801512,
        "stop" : 1719042801516,
        "duration" : 4
      }
    } ]
  },
  "ad5fc16f372f216991e7cf9fc1e8589c" : {
    "statistic" : {
      "failed" : 0,
      "broken" : 0,
      "skipped" : 0,
      "passed" : 1,
      "unknown" : 0,
      "total" : 1
    },
    "items" : [ {
      "uid" : "ab34841a65797452",
      "status" : "passed",
      "time" : {
        "start" : 1719040884845,
        "stop" : 1719040885332,
        "duration" : 487
      }
    } ]
  },
  "291d49069bc29569cfbbccb987cd38a1" : {
    "statistic" : {
      "failed" : 0,
      "broken" : 0,
      "skipped" : 0,
      "passed" : 1,
      "unknown" : 0,
      "total" : 1
    },
    "items" : [ {
      "uid" : "4f3c6291f1253881",
      "status" : "passed",
      "time" : {
        "start" : 1719040885387,
        "stop" : 1719040885390,
        "duration" : 3
      }
    } ]
  },
  "70a11a597c28ee91a07e6829d3906ffd" : {
    "statistic" : {
      "failed" : 0,
      "broken" : 0,
      "skipped" : 0,
      "passed" : 1,
      "unknown" : 0,
      "total" : 1
    },
    "items" : [ {
      "uid" : "e86ca01d93508c7c",
      "status" : "passed",
      "time" : {
        "start" : 1719040885395,
        "stop" : 1719040885401,
        "duration" : 6
      }
    } ]
  },
  "2f7ccace45eb74136d93ef8b7a1092a7" : {
    "statistic" : {
      "failed" : 0,
      "broken" : 0,
      "skipped" : 0,
      "passed" : 1,
      "unknown" : 0,
      "total" : 1
    },
    "items" : [ {
      "uid" : "68c5cdc22a0a9ac9",
      "status" : "passed",
      "time" : {
        "start" : 1719042801520,
        "stop" : 1719042801525,
        "duration" : 5
      }
    } ]
  },
  "bd27f06370e96866dc43a6733375d763" : {
    "statistic" : {
      "failed" : 0,
      "broken" : 0,
      "skipped" : 0,
      "passed" : 1,
      "unknown" : 0,
      "total" : 1
    },
    "items" : [ {
      "uid" : "a398b2cfcb56c1e9",
      "status" : "passed",
      "time" : {
        "start" : 1719040885453,
        "stop" : 1719040885455,
        "duration" : 2
      }
    } ]
  },
  "89711def0a48d10793bd7f7776e1379d" : {
    "statistic" : {
      "failed" : 0,
      "broken" : 0,
      "skipped" : 0,
      "passed" : 1,
      "unknown" : 0,
      "total" : 1
    },
    "items" : [ {
      "uid" : "6f224378da4c1489",
      "status" : "passed",
      "time" : {
        "start" : 1719042801549,
        "stop" : 1719042801554,
        "duration" : 5
      }
    } ]
  },
  "9e7698c827898355d8a0b4b47cffc869" : {
    "statistic" : {
      "failed" : 0,
      "broken" : 0,
      "skipped" : 0,
      "passed" : 1,
      "unknown" : 0,
      "total" : 1
    },
    "items" : [ {
      "uid" : "ff61dbf95b5bd57b",
      "status" : "passed",
      "time" : {
        "start" : 1719040885468,
        "stop" : 1719040885470,
        "duration" : 2
      }
    } ]
  },
  "7709df67b00194de935c18153b758864" : {
    "statistic" : {
      "failed" : 0,
      "broken" : 0,
      "skipped" : 0,
      "passed" : 1,
      "unknown" : 0,
      "total" : 1
    },
    "items" : [ {
      "uid" : "80ed391e13664e64",
      "status" : "passed",
      "time" : {
        "start" : 1719042801542,
        "stop" : 1719042801547,
        "duration" : 5
      }
    } ]
  },
  "865ae01f7afb9b15c497754311832484" : {
    "statistic" : {
      "failed" : 0,
      "broken" : 1,
      "skipped" : 0,
      "passed" : 0,
      "unknown" : 0,
      "total" : 1
    },
    "items" : [ {
      "uid" : "1db65e11dd471a37",
      "status" : "broken",
      "statusDetails" : "\nwhen() requires an argument which has to be 'a method call on a mock'.\nFor example:\n    when(mock.getArticles()).thenReturn(articles);\n\nAlso, this error might show up because:\n1. you stub either of: final/private/equals()/hashCode() methods.\n   Those methods *cannot* be stubbed/verified.\n   Mocking methods declared on non-public parent classes is not supported.\n2. inside when() you don't call method on mock but on some other object.\n",
      "time" : {
        "start" : 1719049697446,
        "stop" : 1719049697952,
        "duration" : 506
      }
    } ]
  },
  "a5063ebb916eec4c4ff6565d5257e4d2" : {
    "statistic" : {
      "failed" : 0,
      "broken" : 0,
      "skipped" : 0,
      "passed" : 1,
      "unknown" : 0,
      "total" : 1
    },
    "items" : [ {
      "uid" : "5fc43fb3fa825212",
      "status" : "passed",
      "time" : {
        "start" : 1719040885446,
        "stop" : 1719040885449,
        "duration" : 3
      }
    } ]
  },
  "31669cf00f3d662a1b8cf5a8befc6d57" : {
    "statistic" : {
      "failed" : 0,
      "broken" : 0,
      "skipped" : 0,
      "passed" : 1,
      "unknown" : 0,
      "total" : 1
    },
    "items" : [ {
      "uid" : "5049292f903f866",
      "status" : "passed",
      "time" : {
        "start" : 1719041222435,
        "stop" : 1719041222440,
        "duration" : 5
      }
    } ]
  },
  "805ca922a114f6f82d15a34e73b14832" : {
    "statistic" : {
      "failed" : 1,
      "broken" : 0,
      "skipped" : 0,
      "passed" : 0,
      "unknown" : 0,
      "total" : 1
    },
    "items" : [ {
      "uid" : "73b17e4e950a27c3",
      "status" : "failed",
      "statusDetails" : "Status expected:<200> but was:<405>",
      "time" : {
        "start" : 1719059171493,
        "stop" : 1719059171820,
        "duration" : 327
      }
    } ]
  }
}