{
  "uid" : "ab17fc5a4eb3bca4b216b548c7f9fcbc",
  "name" : "timeline",
  "children" : [ {
    "name" : "LAPTOP-E123ER6H",
    "children" : [ {
      "name" : "9448@LAPTOP-E123ER6H.main(1)",
      "children" : [ {
        "name" : "对GetAccountList方法进行简单的测试",
        "uid" : "4f3c6291f1253881",
        "parentUid" : "cf48fface93609e99c06ec2214de2ab1",
        "status" : "passed",
        "time" : {
          "start" : 1719040885387,
          "stop" : 1719040885390,
          "duration" : 3
        },
        "flaky" : false,
        "parameters" : [ ]
      }, {
        "name" : "测试addAccount方法的正常情况",
        "uid" : "19453d73a6397fce",
        "parentUid" : "cf48fface93609e99c06ec2214de2ab1",
        "status" : "passed",
        "time" : {
          "start" : 1719040885376,
          "stop" : 1719040885383,
          "duration" : 7
        },
        "flaky" : false,
        "parameters" : [ ]
      }, {
        "name" : "[1] null, 18139000985, Test Address, false",
        "uid" : "a0b33e47995ffa4b",
        "parentUid" : "cf48fface93609e99c06ec2214de2ab1",
        "status" : "passed",
        "time" : {
          "start" : 1719040885421,
          "stop" : 1719040885440,
          "duration" : 19
        },
        "flaky" : false,
        "parameters" : [ ]
      }, {
        "name" : "对RepeatedIdCard进行简单的测试",
        "uid" : "ff61dbf95b5bd57b",
        "parentUid" : "cf48fface93609e99c06ec2214de2ab1",
        "status" : "passed",
        "time" : {
          "start" : 1719040885468,
          "stop" : 1719040885470,
          "duration" : 2
        },
        "flaky" : false,
        "parameters" : [ ]
      }, {
        "name" : "测试deleteAccount方法的异常情况：非法ID",
        "uid" : "fb22b8a7ad9f2eba",
        "parentUid" : "cf48fface93609e99c06ec2214de2ab1",
        "status" : "passed",
        "time" : {
          "start" : 1719040885461,
          "stop" : 1719040885464,
          "duration" : 3
        },
        "flaky" : false,
        "parameters" : [ ]
      }, {
        "name" : "测试deleteAccount方法的正常情况",
        "uid" : "ab34841a65797452",
        "parentUid" : "cf48fface93609e99c06ec2214de2ab1",
        "status" : "passed",
        "time" : {
          "start" : 1719040884845,
          "stop" : 1719040885332,
          "duration" : 487
        },
        "flaky" : false,
        "parameters" : [ ]
      }, {
        "name" : "[2] null, 123, Test Address, true",
        "uid" : "5fc43fb3fa825212",
        "parentUid" : "cf48fface93609e99c06ec2214de2ab1",
        "status" : "passed",
        "time" : {
          "start" : 1719040885446,
          "stop" : 1719040885449,
          "duration" : 3
        },
        "flaky" : false,
        "parameters" : [ ]
      }, {
        "name" : "测试deleteAccount方法的异常情况：数据库中不存在的ID",
        "uid" : "e86ca01d93508c7c",
        "parentUid" : "cf48fface93609e99c06ec2214de2ab1",
        "status" : "passed",
        "time" : {
          "start" : 1719040885395,
          "stop" : 1719040885401,
          "duration" : 6
        },
        "flaky" : false,
        "parameters" : [ ]
      }, {
        "name" : "[3] null, 123, null, true",
        "uid" : "a398b2cfcb56c1e9",
        "parentUid" : "cf48fface93609e99c06ec2214de2ab1",
        "status" : "passed",
        "time" : {
          "start" : 1719040885453,
          "stop" : 1719040885455,
          "duration" : 2
        },
        "flaky" : false,
        "parameters" : [ ]
      } ],
      "uid" : "cf48fface93609e99c06ec2214de2ab1"
    }, {
      "name" : "10376@LAPTOP-E123ER6H.main(1)",
      "children" : [ {
        "name" : "addHospital_IdMinMinus()",
        "uid" : "d7e80e7d64979bbc",
        "parentUid" : "7e09d9cfa6d672e1b25e5fdb0e55204c",
        "status" : "failed",
        "time" : {
          "start" : 1719042801527,
          "stop" : 1719042801533,
          "duration" : 6
        },
        "flaky" : true,
        "parameters" : [ ]
      }, {
        "name" : "testDeleteHospitalNotFound()",
        "uid" : "ad374af8f95056a6",
        "parentUid" : "7e09d9cfa6d672e1b25e5fdb0e55204c",
        "status" : "passed",
        "time" : {
          "start" : 1719042801512,
          "stop" : 1719042801516,
          "duration" : 4
        },
        "flaky" : false,
        "parameters" : [ ]
      }, {
        "name" : "addHospital_IdMin()",
        "uid" : "6f224378da4c1489",
        "parentUid" : "7e09d9cfa6d672e1b25e5fdb0e55204c",
        "status" : "passed",
        "time" : {
          "start" : 1719042801549,
          "stop" : 1719042801554,
          "duration" : 5
        },
        "flaky" : false,
        "parameters" : [ ]
      }, {
        "name" : "addHospital_IdMinPlus()",
        "uid" : "4f085111bc5f1802",
        "parentUid" : "7e09d9cfa6d672e1b25e5fdb0e55204c",
        "status" : "passed",
        "time" : {
          "start" : 1719042801566,
          "stop" : 1719042801570,
          "duration" : 4
        },
        "flaky" : false,
        "parameters" : [ ]
      }, {
        "name" : "addHospital_IdMaxMinus()",
        "uid" : "e7bb680bf1f27ca3",
        "parentUid" : "7e09d9cfa6d672e1b25e5fdb0e55204c",
        "status" : "passed",
        "time" : {
          "start" : 1719042801574,
          "stop" : 1719042801577,
          "duration" : 3
        },
        "flaky" : false,
        "parameters" : [ ]
      }, {
        "name" : "addHospital_IdMax()",
        "uid" : "80ed391e13664e64",
        "parentUid" : "7e09d9cfa6d672e1b25e5fdb0e55204c",
        "status" : "passed",
        "time" : {
          "start" : 1719042801542,
          "stop" : 1719042801547,
          "duration" : 5
        },
        "flaky" : false,
        "parameters" : [ ]
      }, {
        "name" : "addHospital_DatabaseConnectionFailure()",
        "uid" : "3a399a12982df48b",
        "parentUid" : "7e09d9cfa6d672e1b25e5fdb0e55204c",
        "status" : "passed",
        "time" : {
          "start" : 1719042801580,
          "stop" : 1719042801585,
          "duration" : 5
        },
        "flaky" : false,
        "parameters" : [ ]
      }, {
        "name" : "addHospital_IdMaxPlus()",
        "uid" : "6374414c4e62d8b3",
        "parentUid" : "7e09d9cfa6d672e1b25e5fdb0e55204c",
        "status" : "failed",
        "time" : {
          "start" : 1719042801557,
          "stop" : 1719042801562,
          "duration" : 5
        },
        "flaky" : true,
        "parameters" : [ ]
      }, {
        "name" : "deleteHospitalSuccess()",
        "uid" : "68c5cdc22a0a9ac9",
        "parentUid" : "7e09d9cfa6d672e1b25e5fdb0e55204c",
        "status" : "passed",
        "time" : {
          "start" : 1719042801520,
          "stop" : 1719042801525,
          "duration" : 5
        },
        "flaky" : false,
        "parameters" : [ ]
      }, {
        "name" : "testDeleteHospitalIllegal()",
        "uid" : "5e8599a74b33a106",
        "parentUid" : "7e09d9cfa6d672e1b25e5fdb0e55204c",
        "status" : "passed",
        "time" : {
          "start" : 1719042801447,
          "stop" : 1719042801482,
          "duration" : 35
        },
        "flaky" : false,
        "parameters" : [ ]
      } ],
      "uid" : "7e09d9cfa6d672e1b25e5fdb0e55204c"
    }, {
      "name" : "26692@LAPTOP-E123ER6H.main(1)",
      "children" : [ {
        "name" : "更新管理员信息 - 不同输入",
        "uid" : "1db65e11dd471a37",
        "parentUid" : "276425356eaedd827062c0b0b3a08d39",
        "status" : "broken",
        "time" : {
          "start" : 1719049697446,
          "stop" : 1719049697952,
          "duration" : 506
        },
        "flaky" : false,
        "parameters" : [ ]
      } ],
      "uid" : "276425356eaedd827062c0b0b3a08d39"
    }, {
      "name" : "14444@LAPTOP-E123ER6H.main(1)",
      "children" : [ {
        "name" : "deleteHospital()",
        "uid" : "5049292f903f866",
        "parentUid" : "ee4541398dc36e10a36b2a81f6400c72",
        "status" : "passed",
        "time" : {
          "start" : 1719041222435,
          "stop" : 1719041222440,
          "duration" : 5
        },
        "flaky" : false,
        "parameters" : [ ]
      } ],
      "uid" : "ee4541398dc36e10a36b2a81f6400c72"
    }, {
      "name" : "21296@LAPTOP-E123ER6H.main(1)",
      "children" : [ {
        "name" : "测试更新管理员信息",
        "uid" : "73b17e4e950a27c3",
        "parentUid" : "bac1018c0271e1033528146e3a3fb912",
        "status" : "failed",
        "time" : {
          "start" : 1719059171493,
          "stop" : 1719059171820,
          "duration" : 327
        },
        "flaky" : true,
        "parameters" : [ ]
      } ],
      "uid" : "bac1018c0271e1033528146e3a3fb912"
    }, {
      "name" : "2844@LAPTOP-E123ER6H.main(1)",
      "children" : [ {
        "name" : "updateAdminInfo_validNameAndContact_success()",
        "uid" : "44987e254bff1e44",
        "parentUid" : "9704cda70c6480bf499633bd361b89cf",
        "status" : "broken",
        "time" : {
          "start" : 1719045509082,
          "stop" : 1719045509455,
          "duration" : 373
        },
        "flaky" : true,
        "parameters" : [ ]
      } ],
      "uid" : "9704cda70c6480bf499633bd361b89cf"
    }, {
      "name" : "4124@LAPTOP-E123ER6H.main(1)",
      "children" : [ {
        "name" : "合法的姓名和联系方式更新管理员信息",
        "uid" : "8a611488fd978df4",
        "parentUid" : "ad301705b8dd04bece534798ea3eecf8",
        "status" : "failed",
        "time" : {
          "start" : 1719055360908,
          "stop" : 1719055361342,
          "duration" : 434
        },
        "flaky" : true,
        "parameters" : [ ]
      } ],
      "uid" : "ad301705b8dd04bece534798ea3eecf8"
    }, {
      "name" : "27028@LAPTOP-E123ER6H.main(1)",
      "children" : [ {
        "name" : "测试删除医生账号",
        "uid" : "874f33ada87df282",
        "parentUid" : "863617a7c1097e6142873a542833e401",
        "status" : "passed",
        "time" : {
          "start" : 1719043747127,
          "stop" : 1719043748096,
          "duration" : 969
        },
        "flaky" : true,
        "parameters" : [ ]
      } ],
      "uid" : "863617a7c1097e6142873a542833e401"
    } ],
    "uid" : "9ab7f88de7660b4b68601b47054e808b"
  } ]
}